"About &amp; Contact", 
"About Us",
"By clicking Sign Up, you agree to our",
Corporate,
Connoisseur,
"Corporate Member",
"Connoisseur Member",
Professional
"Professional Member",
"Epicurissimo is a private network and online publication, a trusted place for professionals and connoisseurs of gastronomy and fine drinks to meet, connect, stay informed, showcase their work, find experts, share ideas, ask questions, find jobs and make business.",
"Individual Member",
Send,
"Sign Up",
"Sign Up Now",
"Sign Up as",
"Terms & Conditions",
"Terms &amp; Conditions",
Back,
"Share Inspire Connect Inform Enjoy",
"You work in relevant domains.",
"Privacy Policy",
Contact,
"Contact Us",
"your email address",
"type your message here",
